,B2CL1_cor,B2CL1_AUC,B2CL1_Enrich,MCL1_cor,MCL1_AUC,MCL1_Enrich,B2LA1_cor,B2LA1_AUC,B2LA1_Enrich,mean_AUC,mean_cor,mean_Enrich,sd_AUC,sd_cor,sd_Enrich
FoldX_mean,0.22549564361774888,0.6837182624655856,20.32223742210062,0.3711635674198435,0.8222256006006439,23.896682253395678,0.3382651787182018,0.7491981507983079,19.929916776171705,0.7517140046215124,0.31164146325193137,21.382945483889333,0.05657336133823432,0.06237736061064092,1.7846817236474146
Rosetta_mean,0.23794665221952707,0.6881785163430983,20.448095194323376,0.4541255897906524,0.8472009229143866,33.99321305721314,0.315689784422947,0.7210898371761708,19.005612277287003,0.7521564254778852,0.3359206754777088,24.48230684294117,0.06853651644421482,0.08940656194037569,6.7509600306916
dTERMen_mean,0.3531796226452429,0.7538526395249205,30.019759841921264,0.4362977734442047,0.831551787894645,35.27054108216433,0.31624030302759704,0.7315883087149916,27.551467367498905,0.7723309120448524,0.3685725663723482,30.947256097194828,0.042850586996492065,0.05020727761422659,3.2188208742508526
FoldX_min,0.38996079556195123,0.801427247366715,27.359781121751027,0.5608239598928684,0.9313250770393627,32.73213092852371,0.46329287468929126,0.8342071824487194,27.33245729303548,0.855653168951599,0.471359210048037,29.14145644777007,0.055156198148091654,0.06998740151333578,2.5390147784728723
Rosetta_min,0.2502911579561749,0.7042399656657065,20.063839489284085,0.5396404231590085,0.9192813535670679,38.298819861946114,0.32957278265065115,0.7266357934789185,19.97371879106439,0.7833857042372309,0.3731681212552782,26.11212604743153,0.09652672827061344,0.12208238879105099,8.617372377223735
dTERMen_min,0.38442824958619193,0.7744049711674117,35.56771545827633,0.5092513096323191,0.8904692133263563,42.30683589401024,0.33160140066039656,0.7490364441517543,29.172141918528254,0.8046368762151741,0.40842698662630256,35.68223109027161,0.061569922912689305,0.07448412391945627,5.362827726108007
